tag,책소단원,책유형,학원유형코드,메모
m31,4,2,중3-1-06-03,인수분해 공식(1) — 책 ⑴ = 학원 (1)
m31,4,4,중3-1-06-07,인수분해 공식(3)
m31,4,5,중3-1-06-08,인수분해 공식(4)
m31,4,8,중3-1-06-09,복잡한 식 = 공식 종합
m31,1,5,중3-1-01-12,√(Ax)가 자연수가 되도록 하는 x
m31,1,8,중3-1-02-03,실수의 분류
m31,3,9,중3-1-08-04,한 근이 문자로 주어질 때 식의 값
m31,7,5,중3-1-13-03,y절편과 두 점을 알 때
m11,1,2,중1-1-01-03,거듭제곱으로 나타내기
m11,2,12,중1-1-04-18,유리수의 나눗셈
m11,3,2,중1-1-05-08,식의 값 구하기
m11,4,1,중1-1-06-03,항등식
m11,4,3,중1-1-06-08,일차방정식
m11,4,5,중1-1-07-01,어떤 수에 대한 문제 — 활용은 소단원 07
m11,4,6,중1-1-07-13,거리·속력·시간; 총 걸린 시간
m11,5,3,중1-1-08-09,그래프 해석하기
m12,1,3,중1-2-01-08,각의 크기; 직각
m12,1,5,중1-2-01-16,수직과 수선
m12,1,10,중1-2-03-09,평행선에서의 활용(1)
m12,2,5,중1-2-04-07,삼각형이 정해질 조건
m12,2,6,중1-2-04-08,도형의 합동
m21,1,1,중2-1-01-01,유한소수와 무한소수
m21,2,1,중2-1-02-01,거듭제곱의 곱셈
m21,2,2,중2-1-02-03,거듭제곱의 나눗셈
m21,2,8,중2-1-02-12,단항식 곱셈·나눗셈 혼합
m21,4,8,중2-1-08-16,거리·속력·시간 (연립 활용)
m22,2,4,중2-2-04-01,직사각형의 뜻과 성질
m22,2,5,중2-2-04-05,정사각형의 뜻과 성질
m22,5,1,중2-2-09-08,피타고라스 정리의 확인; 유클리드
m22,5,4,중2-2-09-11,직각삼각형이 되기 위한 조건
m22,5,6,중2-2-09-14,직각삼각형의 세 반원 사이의 관계
m22,6,1,중2-2-10-03,여러 가지 경우의 수
m22,6,5,중2-2-10-17,자연수의 개수; 0을 포함하지 않는 경우
