책소단원,책유형,책유형이름,문항수,학원유형코드,학원유형이름,학원소단원,점수
2,5,삼각형이 하나로 정해지는 경우 / 삼각형이 하나로 정해지지 않는 경우,2,중1-2-04-14,삼각형의 합동의 활용; 정삼각형,작도와 합동,0.33
2,6,s합동ss,3,중1-2-04-08,도형의 합동,작도와 합동,0.4
1,10,평행선에서 보조선을 그어 각의 크기 구하기,8,중1-2-03-09,평행선에서의 활용 (1),평행선,0.44
1,5,"직교, 수직이등분선, 수선의 발",4,중1-2-01-16,수직과 수선,기본 도형,0.47
1,3,각,4,중1-2-05-01,다각형,다각형,0.5
7,1,중앙값과 최빈값,5,중1-2-12-07,평균·중앙값·최빈값 비교하기,대푯값,0.63
1,7,직선과 평면의 위치 관계 / 두 평면의 위치 관계,4,중1-2-02-01,"점과 직선, 점과 평면의 위치 관계",위치 관계,0.65
1,8,동위각과 엇각 / 평행선의 성질,5,중1-2-03-01,동위각과 엇각,평행선,0.67
5,5,회전체의 성질,4,중1-2-08-01,회전체,회전체,0.67
1,6,점과 직선(평면)의 위치 관계 / 두 직선의 위치 관계,4,중1-2-02-01,"점과 직선, 점과 평면의 위치 관계",위치 관계,0.69
1,2,두 점 사이의 거리 / 선분의 중점,4,중1-2-01-06,두 점 사이의 거리 (1),기본 도형,0.7
4,2,"부채꼴의 중심각의 크기와 호의 길이, 넓이, 현의 길이 사이의 관계",6,중1-2-06-12,부채꼴의 호의 길이와 넓이 사이의 관계,원과 부채꼴,0.71
6,4,뿔의 부피 /뿔대의 부피,4,중1-2-09-18,뿔대의 부피,입체도형의 겉넓이와 부피,0.71
2,7,삼각형의 합동 조건,3,중1-2-04-11,삼각형의 합동 조건: SSS 합동,작도와 합동,0.73
1,9,두 직선이 평행하기 위한 조건,3,중1-2-03-03,두 직선이 평행할 조건,평행선,0.76
7,6,상대도수 / 상대도수의 분포표,6,중1-2-11-02,상대도수의 분포표,상대도수,0.8
7,8,도수의 총합이 다른 두 집단의 분포 비교,6,중1-2-11-09,도수의 총합이 다른 두 자료의 비교,상대도수,0.8
1,1,"점, 선, 면 / 직선, 반직선, 선분",6,중1-2-01-02,"직선, 반직선, 선분",기본 도형,0.82
7,7,상대도수의 분포를 나타낸 그래프,7,중1-2-11-06,상대도수의 분포를 나타낸 그래프가 찢어진 경우,상대도수,0.82
3,2,삼각형의 내각과 외각의 크기,10,중1-2-05-05,삼각형의 내각과 외각의 관계,다각형,0.83
5,2,정다면체,4,중1-2-07-01,다면체,다면체,0.86
2,3,삼각형 / 삼각형의 세 변의 길이 사이의 관계s,3,중1-2-04-05,삼각형의 세 변의 길이 사이의 관계,작도와 합동,0.88
1,4,맞꼭지각,4,중1-2-01-13,맞꼭지각 (1),기본 도형,0.89
2,1,작도 / 길이가 같은 선분의 작도,5,중1-2-04-02,길이가 같은 선분의 작도,작도와 합동,0.91
6,2,기둥의 부피,5,중1-2-09-03,각기둥의 부피,입체도형의 겉넓이와 부피,0.91
6,3,뿔의 겉넓이,8,중1-2-09-09,각뿔의 겉넓이,입체도형의 겉넓이와 부피,0.91
6,1,기둥의 겉넓이,3,중1-2-09-01,각기둥의 겉넓이,입체도형의 겉넓이와 부피,0.92
2,2,크기가 같은 각의 작도,3,중1-2-04-03,크기가 같은 각의 작도,작도와 합동,1.0
2,4,삼각형의 작도,2,중1-2-04-06,삼각형의 작도,작도와 합동,1.0
3,1,다각형의 내각과 외각,4,중1-2-05-02,다각형의 내각과 외각,다각형,1.0
3,3,다각형의 대각선의 개수,6,중1-2-05-11,다각형의 대각선의 개수,다각형,1.0
3,4,다각형의 내각의 크기의 합,5,중1-2-05-12,다각형의 내각의 크기의 합,다각형,1.0
3,5,다각형의 외각의 크기의 합,5,중1-2-05-14,다각형의 외각의 크기의 합,다각형,1.0
3,6,정다각형의 한 내각과 한 외각의 크기,6,중1-2-05-17,정다각형의 한 내각과 한 외각의 크기,다각형,1.0
4,1,원과 부채꼴,3,중1-2-06-01,원과 부채꼴,원과 부채꼴,1.0
4,3,원의 둘레의 길이와 넓이,2,중1-2-06-10,원의 둘레의 길이와 넓이,원과 부채꼴,1.0
4,4,부채꼴의 호의 길이와 넓이,11,중1-2-06-11,부채꼴의 호의 길이와 넓이,원과 부채꼴,1.0
5,1,다면체,10,중1-2-07-01,다면체,다면체,1.0
5,3,정다면체의 전개도,3,중1-2-07-12,정다면체의 전개도,다면체,1.0
5,4,회전체,3,중1-2-08-01,회전체,회전체,1.0
5,6,회전체의 전개도,3,중1-2-08-07,회전체의 전개도,회전체,1.0
6,5,구의 겉넓이,4,중1-2-09-20,구의 겉넓이,입체도형의 겉넓이와 부피,1.0
6,6,구의 부피,4,중1-2-09-21,구의 부피,입체도형의 겉넓이와 부피,1.0
7,2,줄기와 잎 그림,6,중1-2-10-07,줄기와 잎 그림,도수분포표,1.0
7,3,도수분포표,6,중1-2-10-08,도수분포표,도수분포표,1.0
7,4,히스토그램,6,중1-2-10-10,히스토그램,도수분포표,1.0
7,5,도수분포다각형,16,중1-2-10-12,도수분포다각형,도수분포표,1.0
